Symbol,Name,Last Sale,Net Change,% Change,Market Cap,Country,IPO Year,Volume,Sector,Industry
AAL,American Airlines Group Inc. Common Stock,$19.73,-0.16,-0.804%,12774343006.00,United States,,32527724,Transportation,Air Freight/Delivery Services
AAOI,Applied Optoelectronics Inc. Common Stock,$7.46,0.00,0.00%,202474605.00,United States,2013,515776,Technology,Semiconductors
ABCM,Abcam plc American Depositary Shares,$20.59,-0.22,-1.057%,4669429335.00,United Kingdom,2020,90344,Health Care,Biotechnology: Biological Products (No Diagnostic Substances)
ABSI,Absci Corporation Common Stock,$11.97,-0.67,-5.301%,1107910079.00,United States,2021,1929759,Health Care,Biotechnology: Pharmaceutical Preparations
ABST,Absolute Software Corporation Common Stock,$11.71,0.11,0.948%,579795907.00,Canada,2020,139234,,
ABUS,Arbutus Biopharma Corporation Common Stock,$4.35,0.04,0.928%,431351368.00,Canada,,2827057,,
ACAD,ACADIA Pharmaceuticals Inc. Common Stock,$16.70,0.58,3.598%,2682742843.00,United States,1985,3287174,Health Care,Biotechnology: Pharmaceutical Preparations
ACBI,Atlantic Capital Bancshares Inc. Common Stock,$22.86,0.09,0.395%,464125620.00,United States,,346025,Finance,Major Banks
ACER,Acer Therapeutics Inc. Common Stock (DE),$2.46,-0.01,-0.405%,35203200.00,United States,,47978,Health Care,Biotechnology: Biological Products (No Diagnostic Substances)
ACGL,Arch Capital Group Ltd. Common Stock,$39.30,0.14,0.358%,15564333958.00,Bermuda,,4357609,Finance,Property-Casualty Insurers
ACHC,Acadia Healthcare Company Inc. Common Stock,$61.22,1.86,3.133%,5501436062.00,United States,,1489878,Health Care,Hospital/Nursing Management
ADAP,Adaptimmune Therapeutics plc American Depositary Shares,$5.40,0.11,2.079%,842877625.00,United Kingdom,2015,1969254,Health Care,Biotechnology: Pharmaceutical Preparations
ADV,Advantage Solutions Inc. Class A Common Stock,$8.78,0.40,4.773%,2797075874.00,United States,2019,1112065,Technology,Advertising
ADVM,Adverum Biotechnologies Inc. Common Stock,$2.31,0.08,3.587%,226670750.00,United States,2014,11943940,Health Care,Biotechnology: Pharmaceutical Preparations
AEIS,Advanced Energy Industries Inc. Common Stock,$87.05,0.60,0.694%,3340376092.00,United States,1995,669239,Consumer Durables,Electrical Products
AFIB,Acutus Medical Inc. Common Stock,$10.04,-0.67,-6.256%,280535190.00,United States,2020,827566,Health Care,Biotechnology: Electromedical & Electrotherapeutic Apparatus
AFIN,American Finance Trust Inc. Class A Common Stock,$8.28,-0.22,-2.588%,975548267.00,United States,,5193689,Consumer Services,Real Estate Investment Trusts
AFRM,Affirm Holdings Inc. Class A Common Stock,$116.28,-1.30,-1.106%,31320960333.00,United States,2021,15263477,Technology,EDP Services
AINV,Apollo Investment Corporation Common Stock,$13.42,-0.17,-1.251%,873228476.00,United States,2004,679666,Finance,Finance/Investors Services
AKBA,Akebia Therapeutics Inc. Common Stock,$2.90,0.08,2.837%,506158628.00,United States,2014,4996385,Health Care,Biotechnology: Pharmaceutical Preparations
AKU,Akumin Inc. Common Shares,$2.38,0.01,0.422%,211884253.00,Canada,,14847,,
ALKS,Alkermes plc Ordinary Shares,$30.11,0.32,1.074%,4857692127.00,Ireland,1991,3276362,Health Care,Biotechnology: Pharmaceutical Preparations
AMAL,Amalgamated Financial Corp. Common Stock (DE),$14.48,0.54,3.874%,450264404.00,United States,2018,526792,Finance,Commercial Banks
AMEH,Apollo Medical Holdings Inc. Common Stock,$96.81,1.65,1.734%,4303626882.00,United States,,6954607,Health Care,Managed Health Care
AMGN,Amgen Inc. Common Stock,$219.38,2.02,0.929%,124575449201.00,United States,1983,5658868,Health Care,Biotechnology: Pharmaceutical Preparations
AMNB,American National Bankshares Inc. Common Stock,$32.15,0.41,1.292%,349654462.00,United States,,99521,Finance,Major Banks
AMPH,Amphastar Pharmaceuticals Inc. Common Stock,$18.37,0.44,2.454%,882341741.00,United States,2014,486558,Health Care,Biotechnology: Pharmaceutical Preparations
AMSF,AMERISAFE Inc. Common Stock,$54.50,0.52,0.963%,1055340943.00,United States,2005,217274,Finance,Accident &Health Insurance
AMTB,Amerant Bancorp Inc. Class A Common Stock,$24.44,-0.14,-0.57%,916046418.00,United States,,327948,Finance,Major Banks
ANAB,AnaptysBio Inc. Common Stock,$26.92,0.67,2.552%,738506024.00,United States,2017,721320,Health Care,Biotechnology: Pharmaceutical Preparations
ANDE,Andersons Inc. (The) Common Stock,$29.31,0.20,0.687%,975517373.00,United States,,532832,Consumer Non-Durables,Tobacco
ANGO,AngioDynamics Inc. Common Stock,$25.31,-1.66,-6.155%,973019564.00,United States,2004,796332,Health Care,Medical/Dental Instruments
ANIK,Anika Therapeutics Inc. Common Stock,$39.68,-0.02,-0.05%,572305751.00,United States,,296854,Health Care,Medical/Dental Instruments
ANIP,ANI Pharmaceuticals Inc.,$28.89,0.91,3.252%,368391182.00,United States,,298598,Health Care,Biotechnology: Biological Products (No Diagnostic Substances)
ANSS,ANSYS Inc. Common Stock,$364.63,-9.87,-2.636%,31814887461.00,United States,1996,522022,Technology,Computer Software: Prepackaged Software
APOG,Apogee Enterprises Inc. Common Stock,$40.40,-0.12,-0.296%,1031283286.00,United States,,494601,,
APPN,Appian Corporation Class A Common Stock,$101.64,0.18,0.177%,7224821539.00,United States,2017,812240,Technology,EDP Services
AQB,AquaBounty Technologies Inc. Common Stock,$4.41,0.23,5.502%,313223505.00,United States,,1439713,,
ARDX,Ardelyx Inc. Common Stock,$1.31,-0.03,-2.239%,135085903.00,United States,2014,7824874,Health Care,Biotechnology: Pharmaceutical Preparations
ARRY,Array Technologies Inc. Common Stock,$18.50,0.27,1.481%,2480724792.00,United States,2020,2976862,Technology,Semiconductors
ASMB,Assembly Biosciences Inc. Common Stock,$3.23,0.01,0.311%,145258297.00,United States,,682151,Health Care,Biotechnology: Pharmaceutical Preparations
ASPS,Altisource Portfolio Solutions S.A. Common Stock,$10.31,-0.23,-2.182%,163897369.00,Luxembourg,,90449,Finance,Finance: Consumer Services
ATNX,Athenex Inc. Common Stock,$3.50,-0.06,-1.685%,382577090.00,United States,2017,11050360,Health Care,Biotechnology: Pharmaceutical Preparations
ATRO,Astronics Corporation Common Stock,$12.61,-0.35,-2.701%,389984577.00,United States,,661444,Capital Goods,Military/Government/Technical
AUB,Atlantic Union Bankshares Corporation Common Stock,$34.15,0.39,1.155%,2626304486.00,United States,,1727525,Finance,Major Banks
AUDC,AudioCodes Ltd. Common Stock,$32.34,-0.41,-1.252%,1058215897.00,Israel,1999,81910,Public Utilities,Telecommunications Equipment
AVAV,AeroVironment Inc. Common Stock,$86.25,-0.95,-1.089%,2139987045.00,United States,2007,1097155,Capital Goods,Aerospace
AVT,Avnet Inc. Common Stock,$37.04,-0.91,-2.398%,3685614937.00,United States,,1726851,Technology,Electronic Components
AXTI,AXT Inc Common Stock,$7.92,0.40,5.319%,336652391.00,United States,1998,2954084,Technology,Semiconductors
AY,Atlantica Sustainable Infrastructure plc Ordinary Shares,$37.07,-0.07,-0.188%,4108586872.00,United Kingdom,2014,824418,Public Utilities,Electric Utilities: Central
AZPN,Aspen Technology Inc. Common Stock,$127.00,-1.17,-0.913%,8518765284.00,United States,1994,993860,Technology,EDP Services
BANR,Banner Corporation Common Stock,$52.50,1.13,2.20%,1813965195.00,United States,,771357,Finance,Major Banks
BATRK,Liberty Media Corporation Series C Liberty Braves Common Stock,$25.96,0.04,0.154%,1356868350.00,United States,,249315,Consumer Services,Movies/Entertainment
BCLI,Brainstorm Cell Therapeutics Inc. Common Stock,$3.53,0.05,1.437%,128204520.00,United States,,124485,Health Care,Biotechnology: Biological Products (No Diagnostic Substances)
BCPC,Balchem Corporation Common Stock,$140.02,1.57,1.134%,4532522311.00,United States,,480376,Basic Industries,Industrial Specialties
BECN,Beacon Roofing Supply Inc. Common Stock,$50.45,-0.68,-1.33%,3533251725.00,United States,2004,911352,Capital Goods,Wholesale Distributors
BEEM,Beam Global Common Stock,$30.16,1.43,4.977%,269377086.00,United States,,500592,Technology,Semiconductors
BFIN,BankFinancial Corporation Common Stock,$11.59,0.34,3.022%,160272570.00,United States,,150891,Finance,Major Banks
BGCP,BGC Partners Inc Class A Common Stock,$5.08,0.00,0.00%,1958757581.00,United States,,5216128,Finance,Investment Bankers/Brokers/Service
BGRY,Berkshire Grey Inc. Class A Common Stock,$7.15,0.45,6.716%,1632684003.00,United States,2021,4384297,Capital Goods,Office Equipment/Supplies/Services
BIGC,BigCommerce Holdings Inc. Series 1 Common Stock,$58.37,0.60,1.039%,4150694786.00,United States,2020,4440397,Technology,Computer Software: Prepackaged Software
BIIB,Biogen Inc. Common Stock,$300.19,0.50,0.167%,44738349254.00,United States,,1679590,Health Care,Biotechnology: Pharmaceutical Preparations
BKNG,Booking Holdings Inc. Common Stock,$2325.37,-19.63,-0.837%,95479322466.00,United States,,368687,Transportation,Other Consumer Services
BLDP,Ballard Power Systems Inc. Common Shares,$15.84,0.69,4.554%,4714081891.00,Canada,,3568805,,
BLIN,Bridgeline Digital Inc. Common Stock,$4.40,0.03,0.686%,36931880.00,United States,,248076,Technology,EDP Services
BLKB,Blackbaud Inc. Common Stock,$69.58,1.65,2.429%,3401287142.00,United States,2004,2436514,Technology,Computer Software: Prepackaged Software
BLNK,Blink Charging Co. Common Stock,$30.03,0.31,1.043%,1266040836.00,United States,,3267083,Miscellaneous,Business Services
BLUE,bluebird bio Inc. Common Stock,$18.32,0.64,3.62%,1238039018.00,United States,2013,2648316,Health Care,Biotechnology: Biological Products (No Diagnostic Substances)
BMBL,Bumble Inc. Class A Common Stock,$53.97,-0.92,-1.676%,6465555052.00,United States,2021,3865997,Technology,Computer Software: Prepackaged Software
BMRA,Biomerica Inc. Common Stock,$4.65,0.45,10.714%,58172477.00,United States,,139137,Health Care,Medical/Dental Instruments
BMRC,Bank of Marin Bancorp Common Stock,$35.72,0.15,0.422%,586576016.00,United States,,234800,Finance,Major Banks
BMTC,Bryn Mawr Bank Corporation Common Stock,$39.78,0.64,1.635%,790752449.00,United States,,323011,Finance,Major Banks
BNFT,Benefitfocus Inc. Common Stock,$11.04,-0.04,-0.361%,368143020.00,United States,2013,610131,Technology,Computer Software: Prepackaged Software
BNTX,BioNTech SE American Depositary Share,$359.18,-13.47,-3.615%,87107239897.00,Germany,2019,5611618,Health Care,Biotechnology: Biological Products (No Diagnostic Substances)
BOKF,BOK Financial Corporation Common Stock,$85.14,1.30,1.551%,5881339914.00,United States,,1047435,Finance,Major Banks
BRKL,Brookline Bancorp Inc. Common Stock,$14.85,0.52,3.629%,1161159947.00,United States,,1556020,Finance,Savings Institutions
BRKR,Bruker Corporation Common Stock,$83.35,0.09,0.108%,12587516833.00,United States,,1671807,Capital Goods,Biotechnology: Laboratory Analytical Instruments
BRY,Berry Corporation (bry) Common Stock,$5.96,-0.06,-0.997%,479607291.00,United States,2018,1313743,Energy,Oil & Gas Production
BSRR,Sierra Bancorp Common Stock,$23.16,0.01,0.043%,356941063.00,United States,,131747,Finance,Major Banks
BSVN,Bank7 Corp. Common stock,$21.69,1.63,8.126%,196307644.00,United States,2018,12162,Finance,Major Banks
BUSE,First Busey Corporation Class A Common Stock,$22.96,0.44,1.954%,1291908114.00,United States,,534848,Finance,Major Banks
BWEN,Broadwind Inc. Common Stock,$2.99,0.05,1.701%,57961332.00,United States,,350966,Capital Goods,Industrial Machinery/Components
BYND,Beyond Meat Inc. Common Stock,$112.95,4.70,4.342%,7144589902.00,United States,2019,4864922,Consumer Non-Durables,Specialty Foods
CAC,Camden National Corporation Common Stock,$46.94,1.37,3.006%,701809328.00,United States,,136551,Finance,Major Banks
CAKE,Cheesecake Factory Incorporated (The) Common Stock,$45.01,-0.03,-0.067%,2348558021.00,United States,1992,1365678,Consumer Services,Restaurants
CALM,Cal-Maine Foods Inc. Common Stock,$35.57,-0.32,-0.892%,1737855193.00,United States,1996,1156747,,Farming/Seeds/Milling
CAR,Avis Budget Group Inc. Common Stock,$95.32,-3.47,-3.513%,6342834055.00,United States,,4144096,Miscellaneous,Rental/Leasing Companies
CASA,Casa Systems Inc. Common Stock,$6.64,-0.30,-4.323%,562853976.00,United States,2017,508239,Technology,Radio And Television Broadcasting And Communications Equipment
CASY,Casey's General Stores Inc. Common Stock,$192.18,-0.71,-0.368%,7130309636.00,United States,1983,433237,Consumer Services,Food Chains
CATY,Cathay General Bancorp Common Stock,$39.78,-0.08,-0.201%,3097292241.00,United States,,1784444,Finance,Major Banks
CCAP,Crescent Capital BDC Inc. Common stock,$19.00,0.08,0.423%,535179840.00,United States,,262019,,
CCMP,CMC Materials Inc. Common Stock,$130.12,0.08,0.062%,3802412833.00,United States,2000,593409,Technology,Semiconductors
CCOI,Cogent Communications Holdings Inc.,$73.17,1.66,2.321%,3487694220.00,United States,,1033488,Consumer Services,Telecommunications Equipment
CCRN,Cross Country Healthcare Inc. Common Stock $0.0001 Par Value,$20.82,0.21,1.019%,769541324.00,United States,2001,544986,Technology,Professional Services
CCXI,ChemoCentryx Inc. Common Stock,$16.57,0.58,3.627%,1158301078.00,United States,2012,2036075,Health Care,Biotechnology: Pharmaceutical Preparations
CDEV,Centennial Resource Development Inc. Class A Common Stock,$5.57,-0.05,-0.89%,1556209691.00,United States,2016,9980527,Energy,Oil & Gas Production
CDLX,Cardlytics Inc. Common Stock,$93.64,2.72,2.992%,3093876088.00,United States,2018,427241,Technology,EDP Services
CDW,CDW Corporation Common Stock,$191.14,-3.20,-1.647%,26280882989.00,United States,2013,1866770,Technology,EDP Services
CEMI,Chembio Diagnostics Inc. Common Stock,$2.62,-0.06,-2.239%,74991744.00,United States,,9242751,Health Care,Biotechnology: In Vitro & In Vivo Diagnostic Substances
CFB,CrossFirst Bankshares Inc. Common Stock,$12.41,0.44,3.676%,632760745.00,United States,2019,637651,Finance,Commercial Banks
CFLT,Confluent Inc. Class A Common Stock,$69.76,2.02,2.982%,18166204111.00,United States,2021,2806086,Technology,EDP Services
CFMS,Conformis Inc. Common Stock,$1.83,0.01,0.549%,340308963.00,United States,2015,2680532,Health Care,Medical/Dental Instruments
CGC,Canopy Growth Corporation Common Shares,$14.71,-0.12,-0.809%,5783669518.00,Canada,,2602836,,
CGNX,Cognex Corporation Common Stock,$88.84,-2.11,-2.32%,15698664450.00,United States,1989,2505399,Capital Goods,Industrial Machinery/Components
CHEK,Check-Cap Ltd. Ordinary Share,$0.99,-0.02,-1.98%,45769656.00,Israel,2015,510655,Health Care,Medical Electronics
CHKP,Check Point Software Technologies Ltd. Ordinary Shares,$117.35,-0.06,-0.051%,15583870530.00,Israel,1996,1252465,Technology,Computer Software: Prepackaged Software
CHMG,Chemung Financial Corp Common Stock,$46.29,0.75,1.647%,215823885.00,United States,,5575,Finance,Major Banks
CHNG,Change Healthcare Inc. Common Stock,$21.84,0.33,1.534%,6789221406.00,United States,2019,2772897,Health Care,Managed Health Care
CHRW,C.H. Robinson Worldwide Inc. Common Stock,$87.44,-2.83,-3.135%,11516875070.00,United States,1997,4927183,Transportation,Oil Refining/Marketing
CHUY,Chuy's Holdings Inc. Common Stock,$31.06,0.55,1.803%,621110640.00,United States,2012,256791,Consumer Services,Restaurants
CINF,Cincinnati Financial Corporation Common Stock,$116.45,-1.44,-1.221%,18769746260.00,United States,,1091852,Finance,Property-Casualty Insurers
CLMT,Calumet Specialty Products Partners L.P. Common Units,$7.47,0.00,0.00%,587711677.00,United States,2006,104690,Energy,Oil & Gas Production
CLSN,Celsion Corporation Common Stock,$1.06,0.01,0.952%,91751200.00,United States,,1232561,Health Care,Biotechnology: Pharmaceutical Preparations
CLVR,Clever Leaves Holdings Inc. Common Shares,$8.61,-0.03,-0.347%,225580726.00,United States,,63915,,
CME,CME Group Inc. Class A Common Stock,$188.65,-0.04,-0.021%,67751434636.00,United States,2002,1881447,Finance,Investment Bankers/Brokers/Service
CMPI,Checkmate Pharmaceuticals Inc. Common Stock,$4.87,0.25,5.411%,105318089.00,United States,2020,28428,Consumer Durables,Specialty Chemicals
CNSL,Consolidated Communications Holdings Inc. Common Stock,$9.22,0.34,3.829%,910513586.00,United States,2005,1235126,Public Utilities,Telecommunications Equipment
CODX,Co-Diagnostics Inc. Common Stock,$10.02,0.17,1.726%,289476698.00,United States,2017,416581,Health Care,Medical/Dental Instruments
CONN,Conn's Inc. Common Stock,$23.37,-0.15,-0.638%,689020982.00,United States,2003,542513,Consumer Services,Consumer Electronics/Video Chains
COOP,Mr. Cooper Group Inc. Common Stock,$39.93,-0.04,-0.10%,3439912280.00,United States,,5605329,Finance,Finance: Consumer Services
CORT,Corcept Therapeutics Incorporated Common Stock,$20.51,-0.12,-0.582%,2377655161.00,United States,2004,2000802,Health Care,Biotechnology: Pharmaceutical Preparations
COUP,Coupa Software Incorporated Common Stock,$244.55,-1.96,-0.795%,18111231406.00,United States,2016,1446895,Technology,Computer Software: Prepackaged Software
CPSI,Computer Programs and Systems Inc. Common Stock,$35.76,-0.31,-0.859%,523828286.00,United States,2002,442528,Technology,EDP Services
CRAI,CRA International Inc. Common Stock,$92.52,0.37,0.402%,682962378.00,United States,1998,163881,Miscellaneous,Other Consumer Services
CRBP,Corbus Pharmaceuticals Holdings Inc. Common Stock,$1.02,-0.11,-9.735%,127735499.00,United States,,2895837,Health Care,Biotechnology: Pharmaceutical Preparations
CRCT,Cricut Inc. Class A Common Stock,$30.36,-0.97,-3.096%,6746960211.00,United States,2021,970532,Capital Goods,Wholesale Distributors
CRDL,Cardiol Therapeutics Inc. Class A Common Shares,$4.36,0.05,1.16%,187247150.00,Canada,,1139199,,
CREE,Cree Inc. Common Stock,$85.70,-2.60,-2.945%,9931876354.00,United States,1993,2716565,Technology,Semiconductors
CRMT,America's Car-Mart Inc Common Stock,$120.78,-0.93,-0.764%,789536203.00,United States,,93837,Consumer Services,Other Specialty Stores
CSGS,CSG Systems International Inc. Common Stock,$47.82,0.02,0.042%,1565749889.00,United States,1996,561582,Technology,EDP Services
CSII,Cardiovascular Systems Inc. Common Stock,$36.59,0.32,0.882%,1471213611.00,United States,1981,622985,Health Care,Medical/Dental Instruments
CSOD,Cornerstone OnDemand Inc. Common Stock,$57.15,-0.07,-0.122%,3820920984.00,United States,2011,1914744,Technology,Computer Software: Prepackaged Software
CSTE,Caesarstone Ltd. Ordinary Shares,$13.08,-0.05,-0.381%,450492479.00,Israel,2012,220762,Capital Goods,Multi-Sector Companies
CTBI,Community Trust Bancorp Inc. Common Stock,$39.24,-0.44,-1.109%,699936162.00,United States,,571258,Finance,Major Banks
CTKB,Cytek Biosciences Inc. Common Stock,$25.96,-1.89,-6.786%,3470714204.00,United States,2021,2559155,Health Care,Biotechnology: Electromedical & Electrotherapeutic Apparatus
CTXS,Citrix Systems Inc. Common Stock,$111.57,0.62,0.559%,13860573389.00,United States,1995,3027780,Technology,Computer Software: Prepackaged Software
CVBF,CVB Financial Corporation Common Stock,$19.31,0.29,1.525%,2624143824.00,United States,,1960430,Finance,Major Banks
CVCO,Cavco Industries Inc. Common Stock When Issued,$254.49,3.26,1.298%,2338007265.00,United States,,127655,Basic Industries,Homebuilding
CVGW,Calavo Growers Inc. Common Stock,$40.77,4.17,11.393%,720948508.00,United States,,1608079,,Farming/Seeds/Milling
CWCO,Consolidated Water Co. Ltd. Ordinary Shares,$11.75,0.00,0.00%,178725713.00,Cayman Islands,,168685,Public Utilities,Water Supply
CYBE,CyberOptics Corporation Common Stock,$39.70,0.47,1.198%,290420626.00,United States,1987,39086,Capital Goods,Electronic Components
CZWI,Citizens Community Bancorp Inc. Common Stock,$13.95,0.21,1.528%,149020973.00,United States,,71552,Finance,Savings Institutions
DBVT,DBV Technologies S.A. American Depositary Shares,$5.11,-0.02,-0.39%,561728881.00,France,2014,51793,Health Care,Biotechnology: Biological Products (No Diagnostic Substances)
DGICA,Donegal Group Inc. Class A Common Stock,$14.07,-0.36,-2.495%,439621033.00,United States,,215996,Finance,Property-Casualty Insurers
DISCA,Discovery Inc. Series A Common Stock,$26.88,-0.11,-0.408%,13594441943.00,United States,,7576894,Consumer Services,Television Services
DISH,DISH Network Corporation Class A Common Stock,$42.48,-0.26,-0.608%,22424735128.00,United States,1995,3304922,Consumer Services,Television Services
DLO,DLocal Limited Class A Common Shares,$65.15,0.77,1.196%,19083462090.00,Uruguay,2021,2385636,,
DLTR,Dollar Tree Inc. Common Stock,$89.31,0.04,0.045%,20086878931.00,United States,1995,3841920,Consumer Services,Department/Specialty Retail Stores
DORM,Dorman Products Inc. Common Stock,$93.28,1.76,1.923%,2969032906.00,United States,,370757,Capital Goods,Auto Parts:O.E.M.
DOYU,DouYu International Holdings Limited ADS,$3.58,0.14,4.07%,1161387048.00,China,2019,3697449,Technology,Computer Software: Programming Data Processing
DRTT,DIRTT Environmental Solutions Ltd. Common Shares,$3.31,-0.14,-4.058%,282435951.00,Canada,,55680,,
DSGX,Descartes Systems Group Inc. (The) Common Stock,$83.62,1.25,1.518%,7076389829.00,Canada,,78229,,
DSP,Viant Technology Inc. Class A Common Stock,$12.65,-0.30,-2.317%,762227268.00,United States,2021,355468,Technology,EDP Services
DUOL,Duolingo Inc. Class A Common Stock,$184.98,-0.02,-0.011%,6921649528.00,United States,2021,697706,Technology,Computer Software: Prepackaged Software
EBAY,eBay Inc. Common Stock,$74.11,-0.59,-0.79%,48175635709.00,United States,1998,8874756,Consumer Services,Catalog/Specialty Distribution
ECHO,Echo Global Logistics Inc. Common Stock,$47.82,0.02,0.042%,1273391416.00,United States,2009,1393827,Transportation,Oil Refining/Marketing
ECOL,US Ecology Inc Common Stock,$34.36,0.00,0.00%,1082763453.00,United States,,440151,Public Utilities,Environmental Services
EDIT,Editas Medicine Inc. Common Stock,$63.20,2.20,3.607%,4314111316.00,United States,2016,2165351,Health Care,Biotechnology: Pharmaceutical Preparations
EGAN,eGain Corporation Common Stock,$11.23,-0.01,-0.089%,352167836.00,United States,1999,120282,Technology,Computer Software: Prepackaged Software
EGRX,Eagle Pharmaceuticals Inc. Common Stock,$49.28,-1.82,-3.562%,645425729.00,United States,2014,365919,Health Care,Biotechnology: Pharmaceutical Preparations
EHTH,eHealth Inc. Common Stock,$37.88,0.70,1.883%,991914922.00,United States,2006,1070866,Finance,Specialty Insurers
ENTA,Enanta Pharmaceuticals Inc. Common Stock,$58.43,0.33,0.568%,1181153686.00,United States,2013,248564,Health Care,Biotechnology: In Vitro & In Vivo Diagnostic Substances
ENTG,Entegris Inc. Common Stock,$132.05,-1.02,-0.767%,17905643405.00,United States,2000,1265591,Technology,Semiconductors
EPAY,Bottomline Technologies Inc. Common Stock,$40.64,-0.14,-0.343%,1854810860.00,United States,1999,629658,Technology,EDP Services
ERIC,Ericsson American Depositary Shares,$11.28,-0.33,-2.842%,37607520000.00,Sweden,,4049716,Technology,Computer Software: Prepackaged Software
ERIE,Erie Indemnity Company Class A Common Stock,$183.22,3.54,1.97%,9580549615.00,United States,,417009,Finance,Specialty Insurers
ERII,Energy Recovery Inc. Common Stock,$19.47,-0.05,-0.256%,1112755281.00,United States,2008,1008128,Technology,Industrial Machinery/Components
ESPR,Esperion Therapeutics Inc. Common Stock,$12.49,0.40,3.309%,353185888.00,United States,2013,3521926,Health Care,Biotechnology: Pharmaceutical Preparations
EVOP,EVO Payments Inc. Class A Common Stock,$24.39,-0.85,-3.368%,1011557518.00,United States,2018,648798,Technology,EDP Services
EXLS,ExlService Holdings Inc. Common Stock,$121.96,-1.35,-1.095%,4083831454.00,United States,2006,510195,Technology,Retail: Computer Software & Peripheral Equipment
EXPE,Expedia Group Inc. Common Stock,$152.28,2.11,1.405%,22966839449.00,United States,,4094143,Transportation,Other Consumer Services
EXPO,Exponent Inc. Common Stock,$115.08,-1.57,-1.346%,5990920720.00,United States,,665449,Consumer Services,Professional Services
EXTR,Extreme Networks Inc. Common Stock,$9.58,-0.27,-2.741%,1240730919.00,United States,1999,2781745,Capital Goods,Telecommunications Equipment
EYE,National Vision Holdings Inc. Common Stock,$58.88,-0.92,-1.538%,4820807242.00,United States,2017,1146522,Health Care,Ophthalmic Goods
EZPW,EZCORP Inc. Class A Non Voting Common Stock,$7.08,-0.03,-0.422%,396880792.00,United States,1991,1317150,Miscellaneous,Diversified Commercial Services
FAST,Fastenal Company Common Stock,$52.96,-0.55,-1.028%,30438198253.00,United States,1987,5437321,,
FCCO,First Community Corporation Common Stock,$19.65,0.04,0.204%,148152885.00,United States,,25501,Finance,Major Banks
FCFS,FirstCash Inc. Common Stock,$88.40,0.68,0.775%,3575953794.00,United States,1991,702480,Miscellaneous,Diversified Commercial Services
FELE,Franklin Electric Co. Inc. Common Stock,$81.69,0.06,0.074%,3793066677.00,United States,,908517,Consumer Durables,Metal Fabrications
FEYE,FireEye Inc. Common Stock,$18.27,-0.22,-1.19%,4370034880.00,United States,2013,9373229,Technology,Computer Software: Prepackaged Software
FFIC,Flushing Financial Corporation Common Stock,$21.70,-0.30,-1.364%,671322137.00,United States,,689908,Finance,Major Banks
FGBI,First Guaranty Bancshares Inc. Common Stock,$19.17,0.04,0.209%,186739820.00,United States,,7529,Finance,Major Banks
FGEN,FibroGen Inc Common Stock,$11.69,-0.03,-0.256%,1082750490.00,United States,2014,4390263,Health Care,Biotechnology: Pharmaceutical Preparations
FIBK,First Interstate BancSystem Inc. Class A Common Stock,$38.74,-0.43,-1.098%,2411186549.00,United States,2010,2108121,Finance,Major Banks
FIVN,Five9 Inc. Common Stock,$175.06,6.87,4.085%,11851506156.00,United States,2014,4663216,Technology,EDP Services
FLGT,Fulgent Genetics Inc. Common Stock,$91.71,5.62,6.528%,2707394663.00,United States,2016,832062,Health Care,Medical Specialities
FLIC,First of Long Island Corporation (The) Common Stock,$19.98,0.26,1.318%,473640885.00,United States,,215891,Finance,Major Banks
FMBI,First Midwest Bancorp Inc. Common Stock,$17.93,0.06,0.336%,2049379223.00,United States,,2173001,Finance,Major Banks
FNHC,FedNat Holding Company Common Stock,$2.23,0.04,1.826%,38897544.00,United States,,67239,Finance,Property-Casualty Insurers
FOLD,Amicus Therapeutics Inc. Common Stock,$11.00,-0.08,-0.722%,2932108014.00,United States,2007,6586425,Health Care,Biotechnology: Pharmaceutical Preparations
FORR,Forrester Research Inc. Common Stock,$46.81,-0.49,-1.036%,897254080.00,United States,1996,145839,Consumer Services,EDP Services
FOXF,Fox Factory Holding Corp. Common Stock,$144.96,0.21,0.145%,6103306400.00,United States,2013,593028,Consumer Non-Durables,Motor Vehicles
FREQ,Frequency Therapeutics Inc. Common Stock,$7.18,0.08,1.127%,247114003.00,United States,2019,591951,Health Care,Biotechnology: Pharmaceutical Preparations
FROG,JFrog Ltd. Ordinary Shares,$36.78,0.77,2.138%,3526741993.00,United States,2020,1126433,Technology,Computer Software: Prepackaged Software
FRTA,Forterra Inc. Common Stock,$23.50,-0.36,-1.509%,1572638988.00,United States,2016,836493,,
FSBW,FS Bancorp Inc. Common Stock,$34.08,0.88,2.651%,280490158.00,United States,2012,81198,Finance,Banks
FSLR,First Solar Inc. Common Stock,$104.02,0.73,0.707%,11059333794.00,United States,2006,4205322,Technology,Semiconductors
FSV,FirstService Corporation Common Shares,$186.71,-5.55,-2.887%,8190693423.00,Canada,,107752,,
FTNT,Fortinet Inc. Common Stock,$299.49,-4.57,-1.503%,48912766698.00,United States,2009,1555804,Miscellaneous,Diversified Manufacture
FUNC,First United Corporation Common Stock,$18.57,0.41,2.258%,122833196.00,United States,,15056,Finance,Major Banks
FUV,Arcimoto Inc. Common Stock,$12.14,0.55,4.745%,453942910.00,United States,2017,1659466,Consumer Non-Durables,Motor Vehicles
FWONA,Liberty Media Corporation Series A Liberty Formula One Common Stock,$45.13,0.21,0.467%,10464720210.00,United States,,384655,Consumer Services,Broadcasting
FWRD,Forward Air Corporation Common Stock,$83.33,-0.52,-0.62%,2258275415.00,United States,,410781,Transportation,Oil Refining/Marketing
GBCI,Glacier Bancorp Inc. Common Stock,$50.52,0.25,0.497%,4825042184.00,United States,,1514250,Finance,Major Banks
GFED,Guaranty Federal Bancshares Inc. Common Stock,$23.97,0.15,0.63%,105109193.00,United States,,6605,Finance,Major Banks
GIII,G-III Apparel Group LTD. Common Stock,$28.45,-0.08,-0.28%,1381705744.00,United States,1989,988994,Consumer Services,Department/Specialty Retail Stores
GLPG,Galapagos NV American Depositary Shares,$55.64,0.35,0.633%,3645673068.00,Belgium,2015,293991,Health Care,Biotechnology: Pharmaceutical Preparations
GMAB,Genmab A/S ADS,$43.12,0.84,1.987%,28192665794.00,Denmark,2019,739901,Health Care,Biotechnology: Commercial Physical & Biological Resarch
GNFT,GENFIT S.A. American Depositary Shares,$3.86,0.03,0.783%,176286972.00,France,2019,2575,Health Care,Biotechnology: Biological Products (No Diagnostic Substances)
GNOG,Golden Nugget Online Gaming Inc. Class A Common Stock,$21.63,0.03,0.139%,1007317665.00,United States,2019,1478195,Consumer Services,Services-Misc. Amusement & Recreation
GNTY,Guaranty Bancshares Inc. Common Stock,$34.00,0.52,1.553%,409969858.00,United States,2017,80586,Finance,Major Banks
GO,Grocery Outlet Holding Corp. Common Stock,$23.83,-0.44,-1.813%,2285784895.00,United States,2019,2065087,Consumer Non-Durables,Specialty Foods
GOEV,Canoo Inc. Class A Common Stock,$6.83,0.15,2.246%,1622064821.00,United States,2019,5665467,,
GOGL,Golden Ocean Group Limited Common Stock,$11.21,-0.47,-4.024%,2246883311.00,Bermuda,,1623971,Transportation,Marine Transportation
GOGO,Gogo Inc. Common Stock,$12.36,-0.02,-0.162%,1355945766.00,United States,2013,1235703,Consumer Services,Telecommunications Equipment
GPRO,GoPro Inc. Class A Common Stock,$9.57,-0.09,-0.932%,1474493855.00,United States,2014,2312494,Miscellaneous,Industrial Machinery/Components
GRAY,Graybug Vision Inc. Common Stock,$3.50,-0.17,-4.632%,74496366.00,United States,2020,241807,Health Care,Biotechnology: Pharmaceutical Preparations
GRFS,Grifols S.A. American Depositary Shares,$15.39,0.94,6.505%,10581470034.00,Spain,,1646260,Health Care,Biotechnology: Pharmaceutical Preparations
GRMN,Garmin Ltd. Common Stock (Switzerland),$167.26,-1.36,-0.807%,32167754805.00,Switzerland,2000,1441471,Capital Goods,Industrial Machinery/Components
GSBC,Great Southern Bancorp Inc. Common Stock,$53.14,1.36,2.626%,721771712.00,United States,1989,136565,Finance,Major Banks
GSHD,Goosehead Insurance Inc. Class A Common Stock,$147.85,-0.48,-0.324%,5440059285.00,United States,2018,202163,Finance,Specialty Insurers
GT,The Goodyear Tire & Rubber Company Common Stock,$16.98,0.17,1.011%,4774655833.00,United States,,5548886,Consumer Durables,Automotive Aftermarket
GTX,Garrett Motion Inc. Common Stock,$6.63,-0.24,-3.493%,431362260.00,Switzerland,,1158152,Capital Goods,Auto Parts:O.E.M.
HAFC,Hanmi Financial Corporation Common Stock,$18.79,0.68,3.755%,576788099.00,United States,,593028,Finance,Major Banks
HALL,Hallmark Financial Services Inc. Common Stock,$3.72,0.00,0.00%,67596239.00,United States,,130172,Finance,Property-Casualty Insurers
HAYN,Haynes International Inc. Common Stock,$36.57,-0.31,-0.841%,464026856.00,United States,2007,263813,,
HBCP,Home Bancorp Inc. Common Stock,$37.73,0.73,1.973%,326210713.00,United States,,93693,Finance,Banks
HBMD,Howard Bancorp Inc. Common Stock,$18.87,-0.09,-0.475%,354955758.00,United States,,238095,Finance,Major Banks
HBT,HBT Financial Inc. Common Stock,$14.35,-0.79,-5.218%,392295335.00,United States,2019,223126,Finance,Commercial Banks
HCSG,Healthcare Services Group Inc. Common Stock,$25.27,-0.68,-2.62%,1886607660.00,United States,1983,15342279,Health Care,Assisted Living Services
HDSN,Hudson Technologies Inc. Common Stock,$3.49,-0.09,-2.514%,153102053.00,United States,,398381,Basic Industries,Specialty Chemicals
HELE,Helen of Troy Limited Common Stock,$233.99,3.13,1.356%,67666367263.00,Bermuda,,442850,Consumer Durables,Home Furnishings
HEPS,D-Market Electronic Services & Trading American Depositary Shares,$6.64,-0.11,-1.63%,2164628646.00,Turkey,2021,753978,,
HEXO,HEXO Corp. Common Shares,$2.04,0.00,0.00%,564223881.00,Canada,,6059484,,
HFWA,Heritage Financial Corporation Common Stock,$24.31,0.73,3.096%,874446745.00,United States,,706836,Finance,Banks
HLBZ,Helbiz Inc. Class A Common stock,$17.69,8.69,96.556%,521080213.00,United States,2019,67618117,Consumer Services,Other Specialty Stores
HLIO,Helios Technologies Inc. Common Stock,$86.38,1.98,2.346%,2797861503.00,United States,,349199,Capital Goods,Fluid Controls
HLIT,Harmonic Inc. Common Stock,$8.98,-0.05,-0.554%,914215141.00,United States,1995,1690259,Technology,Radio And Television Broadcasting And Communications Equipment
HLNE,Hamilton Lane Incorporated Class A Common Stock,$88.26,3.13,3.677%,4695481514.00,United States,2017,484658,Finance,Investment Managers
HMPT,Home Point Capital Inc Common Stock,$3.92,-0.05,-1.259%,546807209.00,United States,2021,136024,Finance,Finance: Consumer Services
HMST,HomeStreet Inc. Common Stock,$37.76,0.91,2.469%,785206588.00,United States,2012,434021,Finance,Banks
HONE,HarborOne Bancorp Inc. Common Stock,$13.31,0.21,1.603%,734047418.00,United States,2016,1272785,Finance,Major Banks
HOOD,Robinhood Markets Inc. Class A Common Stock,$42.38,0.43,1.025%,36253689088.00,United States,2021,4994506,Technology,Computer Software: Prepackaged Software
HSIC,Henry Schein Inc. Common Stock,$77.47,-0.90,-1.148%,10822032979.00,United States,1995,1204100,Health Care,Medical Specialities
HSII,Heidrick & Struggles International Inc. Common Stock,$42.41,-1.15,-2.64%,828238588.00,United States,1999,472198,Technology,Diversified Commercial Services
HST,Host Hotels & Resorts Inc. Common Stock,$16.26,-0.15,-0.914%,11609208834.00,United States,,12046759,Consumer Services,Real Estate Investment Trusts
HSTM,HealthStream Inc. Common Stock,$29.28,0.97,3.426%,923905805.00,United States,2000,290234,Miscellaneous,Business Services
HTLD,Heartland Express Inc. Common Stock,$15.96,-0.06,-0.375%,1268665411.00,United States,1986,1132172,Transportation,Trucking Freight/Courier Services
HTLF,Heartland Financial USA Inc. Common Stock,$46.54,-0.08,-0.172%,1966118974.00,United States,,594640,Finance,Major Banks
HWKN,Hawkins Inc. Common Stock,$33.90,-0.58,-1.682%,719100699.00,United States,,300479,Basic Industries,Industrial Specialties
IART,Integra LifeSciences Holdings Corporation Common Stock,$69.63,1.35,1.977%,5889273509.00,United States,,752311,Health Care,Medical/Dental Instruments
IBCP,Independent Bank Corporation Common Stock,$20.43,0.32,1.591%,439632353.00,United States,,286651,Finance,Major Banks
ICBK,County Bancorp Inc. Common Stock,$35.30,0.50,1.437%,212744204.00,United States,2015,11308,Finance,Commercial Banks
ICPT,Intercept Pharmaceuticals Inc. Common Stock,$15.93,0.52,3.374%,456867286.00,United States,2012,1317220,Health Care,Biotechnology: Pharmaceutical Preparations
IFRX,InflaRx N.V. Common Stock,$2.73,0.06,2.247%,120628542.00,Germany,2017,244836,Health Care,Biotechnology: Pharmaceutical Preparations
IGIC,International General Insurance Holdings Ltd. Ordinary Share,$8.83,-0.21,-2.323%,431640784.00,Jordan,2018,11238,Finance,Property-Casualty Insurers
ILMN,Illumina Inc. Common Stock,$447.01,-2.91,-0.647%,139914130000.00,United States,2000,1749900,Health Care,Medical Specialities
ILPT,Industrial Logistics Properties Trust Common Shares of Beneficial Interest,$25.77,-0.13,-0.502%,1683150928.00,United States,2018,1212190,Consumer Services,Real Estate Investment Trusts
IMAC,IMAC Holdings Inc. Common Stock,$1.46,-0.02,-1.351%,36970640.00,United States,2019,130473,Health Care,Medical Specialities
IMGN,ImmunoGen Inc. Common Stock,$5.80,0.12,2.113%,1173948594.00,United States,1989,5007680,Health Care,Biotechnology: Pharmaceutical Preparations
IMMR,Immersion Corporation Common Stock,$7.22,0.13,1.834%,237562692.00,United States,1999,971283,Technology,Computer peripheral equipment
IMRA,IMARA Inc. Common Stock,$4.27,-0.20,-4.474%,112075843.00,United States,2020,288529,Health Care,Biotechnology: Biological Products (No Diagnostic Substances)
IMV,IMV Inc. Common Shares,$1.74,0.00,0.00%,142928174.00,Canada,,209453,,
INCY,Incyte Corp. Common Stock,$75.99,0.95,1.266%,16781272091.00,United States,,2544874,Health Care,Biotechnology: Commercial Physical & Biological Resarch
INDP,Indaptus Therapeutics Inc. Common Stock,$10.08,-1.50,-12.953%,54492107.00,United States,,4111575,Health Care,Biotechnology: Pharmaceutical Preparations
INO,Inovio Pharmaceuticals Inc. Common Stock,$8.14,0.39,5.032%,1712305133.00,United States,,6411432,Health Care,Biotechnology: Biological Products (No Diagnostic Substances)
INSG,Inseego Corp. Common Stock,$7.60,-0.04,-0.524%,784173381.00,United States,,1289709,Capital Goods,Telecommunications Equipment
IONS,Ionis Pharmaceuticals Inc. Common Stock,$37.21,0.78,2.141%,5252105843.00,United States,,3056545,Health Care,Biotechnology: Pharmaceutical Preparations
IOSP,Innospec Inc. Common Stock,$84.70,-1.46,-1.695%,2087169269.00,United States,,312972,Basic Industries,Industrial Specialties
IPAR,Inter Parfums Inc. Common Stock,$69.66,0.53,0.767%,2205084374.00,United States,,228242,Consumer Non-Durables,Package Goods/Cosmetics
IQ,iQIYI Inc. American Depositary Shares,$8.70,-0.21,-2.357%,6866778700.00,China,2018,6789548,Technology,Internet and Information Services
IRDM,Iridium Communications Inc Common Stock,$44.98,0.58,1.306%,5934417498.00,United States,,3703988,Consumer Services,Telecommunications Equipment
IRTC,iRhythm Technologies Inc. Common Stock,$65.79,3.86,6.233%,1934447054.00,United States,2016,1374216,Health Care,Medical/Dental Instruments
IRWD,Ironwood Pharmaceuticals Inc. Class A Common Stock,$12.35,0.27,2.235%,2011753386.00,United States,2010,3080810,Health Care,Biotechnology: Pharmaceutical Preparations
ISBC,Investors Bancorp Inc. Common Stock,$14.07,-0.09,-0.636%,3483953603.00,United States,,5701375,Finance,Savings Institutions
ISRG,Intuitive Surgical Inc. Common Stock,$1037.27,3.26,0.315%,123425529029.00,United States,2000,635336,Health Care,Medical/Dental Instruments
ITMR,Itamar Medical Ltd. American Depository Shares,$30.30,0.00,0.00%,497207547.00,Israel,,252285,Health Care,Medical/Dental Instruments
IVA,Inventiva S.A. American Depository Shares,$13.90,0.27,1.981%,536960628.00,France,2020,11197,Consumer Services,Other Consumer Services
JBHT,J.B. Hunt Transport Services Inc. Common Stock,$168.72,-2.47,-1.443%,106491992786.00,United States,,905924,Transportation,Trucking Freight/Courier Services
JJSF,J & J Snack Foods Corp. Common Stock,$154.14,0.653,0.425%,2938510008.00,United States,1986,352945,Consumer Non-Durables,Specialty Foods
JKHY,Jack Henry & Associates Inc. Common Stock,$168.76,-2.05,-1.20%,12490602471.00,United States,1985,826990,Technology,Retail: Computer Software & Peripheral Equipment
JNCE,Jounce Therapeutics Inc. Common Stock,$7.79,-0.06,-0.764%,399097506.00,United States,2017,1483882,Health Care,Biotechnology: Pharmaceutical Preparations
KALU,Kaiser Aluminum Corporation Common Stock,$111.95,-2.71,-2.364%,1775506849.00,United States,,268302,Basic Industries,Aluminum
KDMN,Kadmon Holdings Inc. Common Stock,$8.73,-0.09,-1.02%,1513186448.00,United States,,9531883,Health Care,Biotechnology: Pharmaceutical Preparations
KFRC,Kforce Inc. Common Stock,$60.99,0.77,1.279%,1319162407.00,United States,1995,401287,Technology,Diversified Commercial Services
KHC,The Kraft Heinz Company Common Stock,$36.55,0.01,0.027%,44714799821.00,United States,,11784892,Consumer Non-Durables,Farming/Seeds/Milling
KLDO,Kaleido Biosciences Inc. Common Stock,$5.83,0.38,6.972%,248226994.00,United States,2019,358652,Health Care,Biotechnology: Biological Products (No Diagnostic Substances)
KMPH,KemPharm Inc. Common Stock,$9.08,0.14,1.566%,319196041.00,United States,,782681,Health Care,Biotechnology: Pharmaceutical Preparations
KNSL,Kinsale Capital Group Inc. Common Stock,$162.50,1.56,0.969%,3705908700.00,United States,2016,320155,Finance,Property-Casualty Insurers
KOD,Kodiak Sciences Inc Common Stock,$102.75,5.49,5.645%,5289012068.00,United States,2018,435119,Health Care,Biotechnology: Pharmaceutical Preparations
KOPN,Kopin Corporation Common Stock,$5.56,-0.07,-1.243%,508685545.00,United States,1992,2469317,Capital Goods,Industrial Machinery/Components
KOR,Corvus Gold Inc. Common Shares,$3.16,-0.02,-0.629%,401251965.00,Canada,,289961,,
KPTI,Karyopharm Therapeutics Inc. Common Stock,$6.07,0.27,4.655%,458268362.00,United States,2013,3376500,Miscellaneous,Diversified Commercial Services
KTOS,Kratos Defense & Security Solutions Inc. Common Stock,$22.61,0.15,0.668%,2802679889.00,United States,,1452737,Consumer Non-Durables,Ordnance And Accessories
KVHI,KVH Industries Inc. Common Stock,$9.41,-0.28,-2.89%,177002194.00,United States,1996,309024,Technology,Radio And Television Broadcasting And Communications Equipment
LAMR,Lamar Advertising Company Class A Common Stock,$109.82,0.25,0.228%,11111875109.00,United States,1996,1081625,Consumer Services,Real Estate Investment Trusts
LANC,Lancaster Colony Corporation Common Stock,$169.81,0.42,0.248%,4674869300.00,United States,,336645,Consumer Non-Durables,Packaged Foods
LAND,Gladstone Land Corporation Common Stock,$22.46,-0.58,-2.517%,703612259.00,United States,1993,582846,Consumer Services,Real Estate Investment Trusts
LAWS,Lawson Products Inc. Common Stock,$52.93,2.18,4.296%,480516907.00,United States,,38374,Capital Goods,Industrial Machinery/Components
LAZR,Luminar Technologies Inc.  Class A Common Stock,$17.09,0.35,2.091%,6142607088.00,United States,2019,4743319,Technology,EDP Services
LBTYA,Liberty Global plc Class A Ordinary Shares,$28.75,0.23,0.806%,15972117470.00,United Kingdom,,4511575,Consumer Services,Television Services
LE,Lands' End Inc. Common Stock,$24.77,0.15,0.609%,816940039.00,United States,,649348,Consumer Services,Clothing/Shoe/Accessory Stores
LECO,Lincoln Electric Holdings Inc. Common Shares,$132.50,-0.93,-0.697%,7868724633.00,United States,,625953,Capital Goods,Industrial Machinery/Components
LEVL,Level One Bancorp Inc. Common Stock,$28.24,0.12,0.427%,215856507.00,United States,2018,10032,,
LIQT,LiqTech International Inc. Common Stock,$5.63,-0.22,-3.761%,122606610.00,Denmark,,66653,Capital Goods,Industrial Machinery/Components
LLNW,Limelight Networks Inc. Common Stock,$2.53,0.09,3.689%,320562415.00,United States,2007,3461330,,
LMAT,LeMaitre Vascular Inc. Common Stock,$56.74,-1.41,-2.425%,1234480208.00,United States,2006,583029,Health Care,Medical/Dental Instruments
LMST,Limestone Bancorp Inc. Common Stock,$18.54,1.06,6.064%,140953798.00,United States,,17211,Finance,Major Banks
LNT,Alliant Energy Corporation Common Stock,$57.83,-0.82,-1.398%,14472411812.00,United States,,2231021,Public Utilities,Power Generation
LOB,Live Oak Bancshares Inc. Common Stock,$57.98,1.73,3.076%,2511000565.00,United States,2015,786290,Finance,Commercial Banks
LOCO,El Pollo Loco Holdings Inc. Common Stock,$17.38,0.24,1.40%,636764286.00,United States,2014,205174,Consumer Services,Restaurants
LOGI,Logitech International S.A. Ordinary Shares,$95.76,-2.04,-2.086%,16154710181.00,United States,1997,1844016,Technology,Computer peripheral equipment
LOOP,Loop Industries Inc. Common Stock,$10.56,0.27,2.624%,498011332.00,Canada,,440556,,
LOTZ,CarLotz Inc. Class A Common Stock,$3.96,-0.09,-2.222%,450133438.00,United States,2019,4516320,Consumer Services,Other Specialty Stores
LQDT,Liquidity Services Inc. Common Stock,$24.24,0.24,1.00%,820603241.00,United States,2006,563338,Consumer Services,Catalog/Specialty Distribution
LSEA,Landsea Homes Corporation Common Stock,$8.60,-0.30,-3.371%,398017383.00,United States,2018,425233,,
LTRN,Lantern Pharma Inc. Common Stock,$11.83,-0.46,-3.743%,132307181.00,United States,2020,56762,Health Care,Biotechnology: Pharmaceutical Preparations
LUNA,Luna Innovations Incorporated Common Stock,$9.96,-0.30,-2.924%,316718428.00,United States,2006,320026,Health Care,Biotechnology: Commercial Physical & Biological Resarch
LXRX,Lexicon Pharmaceuticals Inc. Common Stock,$4.86,0.28,6.114%,702145837.00,United States,,943487,Health Care,Biotechnology: Biological Products (No Diagnostic Substances)
LZ,LegalZoom.com Inc. Common Stock,$35.26,-0.95,-2.624%,6942864094.00,United States,2021,2569291,Technology,EDP Services
MANT,ManTech International Corporation Common Stock $0.01 Par Value,$77.04,-0.03,-0.039%,3134498977.00,United States,2002,548346,Technology,EDP Services
MAR,Marriott International Class A Common Stock,$143.90,-0.90,-0.622%,46861950492.00,United States,,2649785,Consumer Services,Hotels/Resorts
MAXN,Maxeon Solar Technologies Ltd. Ordinary Shares,$19.11,0.62,3.353%,844596242.00,Singapore,,1369457,Finance,Investment Managers
MBII,Marrone Bio Innovations Inc. Common Stock,$0.8789,0.0329,3.889%,131285027.00,United States,2013,1605454,Basic Industries,Major Chemicals
MBWM,Mercantile Bank Corporation Common Stock,$30.45,0.94,3.185%,483936339.00,United States,1998,246928,Finance,Major Banks
MCFE,McAfee Corp. Class A Common Stock,$21.81,0.03,0.138%,9473062443.00,United States,2020,6080616,Technology,Computer Software: Prepackaged Software
MCFT,MasterCraft Boat Holdings Inc. Common Stock,$25.61,0.11,0.431%,487170527.00,United States,2015,389073,Consumer Non-Durables,Recreational Products/Toys
MDRX,Allscripts Healthcare Solutions Inc. Common Stock,$14.26,0.48,3.483%,1782654978.00,United States,,8827488,Technology,EDP Services
MDWT,Midwest Holding Inc. Common Stock,$38.14,-2.00,-4.983%,142550691.00,United States,,56218,Finance,Life Insurance
MEDP,Medpace Holdings Inc. Common Stock,$186.02,1.26,0.682%,6663108418.00,United States,2016,351948,Health Care,Biotechnology: Commercial Physical & Biological Resarch
MEOH,Methanex Corporation Common Stock,$42.98,1.36,3.268%,3275474854.00,Canada,,668288,,
MERC,Mercer International Inc. Common Stock,$11.05,-0.01,-0.09%,729714950.00,Canada,,701723,Basic Industries,Paper
MESO,Mesoblast Limited American Depositary Shares,$6.17,-0.18,-2.835%,798890884.00,Australia,2015,196675,Health Care,Biotechnology: Biological Products (No Diagnostic Substances)
METC,Ramaco Resources Inc. Common Stock,$10.77,-0.60,-5.277%,475057872.00,United States,2017,295244,Energy,Coal Mining
MF,Missfresh Limited American Depositary Shares,$4.22,0.03,0.716%,993605296.00,China,2021,473403,,
MIME,Mimecast Limited Ordinary Shares,$67.41,-2.05,-2.951%,4431453721.00,United Kingdom,2015,2517105,Technology,EDP Services
MKTX,MarketAxess Holdings Inc. Common Stock,$426.00,-1.62,-0.379%,16188158472.00,United States,2004,316266,Finance,Investment Bankers/Brokers/Service
MLAB,Mesa Laboratories Inc. Common Stock,$313.42,9.62,3.167%,1630853389.00,United States,,124331,Capital Goods,Industrial Machinery/Components
MLCO,Melco Resorts & Entertainment Limited American Depositary Shares,$10.29,0.09,0.882%,4932170778.00,Hong Kong,,6506546,Consumer Services,Hotels/Resorts
MMMB,MamaMancini's Holdings Inc. Common Stock,$2.41,-0.28,-10.409%,86097231.00,United States,,400369,Consumer Non-Durables,Farming/Seeds/Milling
MOFG,MidWestOne Financial Gp Common Stock,$28.31,-0.23,-0.806%,449423826.00,United States,,168526,Finance,Major Banks
MRAC,Marquee Raine Acquisition Corp. Class A Ordinary Shares,$9.96,-0.01,-0.10%,465318750.00,United States,2021,108843,Miscellaneous,Business Services
MRCC,Monroe Capital Corporation Common Stock,$10.52,-0.05,-0.473%,226638041.00,United States,2012,30331,Finance,Investment Managers
MRCY,Mercury Systems Inc Common Stock,$45.82,-0.61,-1.314%,2607631000.00,United States,1998,1061155,,
MRNA,Moderna Inc. Common Stock,$430.05,-10.60,-2.406%,173588096476.00,United States,2018,30494553,Health Care,Biotechnology: Biological Products (No Diagnostic Substances)
MRTN,Marten Transport Ltd. Common Stock,$15.14,0.01,0.066%,1254817280.00,United States,1986,958825,Transportation,Trucking Freight/Courier Services
MRTX,Mirati Therapeutics Inc. Common Stock,$174.05,5.03,2.976%,8985016742.00,United States,,949890,Health Care,Biotechnology: Pharmaceutical Preparations
MSBI,Midland States Bancorp Inc. Common Stock,$23.33,-0.12,-0.512%,522475397.00,United States,2016,297010,Finance,Major Banks
MSEX,Middlesex Water Company Common Stock,$105.74,-1.37,-1.279%,1849451920.00,United States,,534835,Public Utilities,Water Supply
MSTR,MicroStrategy Incorporated Common Stock Class A,$614.29,-18.71,-2.956%,6329155185.00,United States,1998,2155513,Technology,Computer Software: Prepackaged Software
MYRG,MYR Group Inc. Common Stock,$103.12,-0.93,-0.894%,1739373506.00,United States,,234664,Basic Industries,Water Supply
NBRV,Nabriva Therapeutics plc Ordinary Shares Ireland,$1.15,0.00,0.00%,57199715.00,Ireland,2015,944851,Health Care,Biotechnology: Pharmaceutical Preparations
NBTB,NBT Bancorp Inc. Common Stock,$34.38,0.81,2.413%,1489892402.00,United States,,611147,Finance,Major Banks
NCMI,National CineMedia Inc. Common Stock,$2.93,0.23,8.519%,236847033.00,United States,2007,1597333,Technology,Advertising
NDSN,Nordson Corporation Common Stock,$241.84,-1.54,-0.633%,14054423498.00,United States,,511737,Capital Goods,Industrial Machinery/Components
NEOG,Neogen Corporation Common Stock,$41.38,-0.48,-1.147%,4447584842.00,United States,1989,1301742,Health Care,Biotechnology: In Vitro & In Vivo Diagnostic Substances
NEPT,Neptune Wellness Solutions Inc. Ordinary Shares,$0.65,0.09,16.071%,108664000.00,Canada,,3077629,,
NERV,Minerva Neurosciences Inc Common Stock,$1.70,-0.14,-7.609%,72626662.00,United States,2014,575434,Health Care,Biotechnology: Pharmaceutical Preparations
NEXT,NextDecade Corporation Common Stock,$2.52,0.06,2.439%,310763197.00,United States,2015,4050740,Energy,Oil & Gas Production
NFE,New Fortress Energy Inc. Class A Common Stock,$27.89,-0.53,-1.865%,5764822950.00,United States,2019,1218547,Public Utilities,Oil/Gas Transmission
NIU,Niu Technologies American Depositary Shares,$26.42,0.19,0.724%,2015185474.00,China,2018,562561,Capital Goods,Auto Manufacturing
NKLA,Nikola Corporation Common Stock,$10.69,0.36,3.485%,4257333389.00,United States,2018,18463203,Capital Goods,Construction/Ag Equipment/Trucks
NKTR,Nektar Therapeutics  Common Stock,$16.51,0.25,1.538%,3034561791.00,United States,,1748115,Health Care,Biotechnology: Pharmaceutical Preparations
NNBR,NN Inc. Common Stock,$5.27,0.05,0.958%,226786798.00,United States,1994,626147,,
NOTV,Inotiv Inc. Common Stock,$35.09,2.59,7.969%,558446648.00,United States,,241821,Health Care,Biotechnology: Pharmaceutical Preparations
NTGR,NETGEAR Inc. Common Stock,$31.69,-0.47,-1.461%,967926367.00,United States,2003,638919,Public Utilities,Telecommunications Equipment
NTRS,Northern Trust Corporation Common Stock,$108.20,-1.35,-1.232%,22548315088.00,United States,,1311812,Finance,Trusts Except Educational Religious and Charitable
NUAN,Nuance Communications Inc. Common Stock,$55.10,-0.15,-0.271%,17330149362.00,United States,,6157696,Technology,Computer Software: Prepackaged Software
NUVA,NuVasive Inc. Common Stock,$59.15,0.37,0.629%,3055969903.00,United States,2004,917987,Health Care,Medical/Dental Instruments
NVCR,NovoCure Limited Ordinary Shares,$131.03,3.94,3.10%,13580980537.00,Jersey,2015,1046983,Health Care,Medical/Dental Instruments
NWL,Newell Brands Inc. Common Stock,$24.81,-0.20,-0.80%,10554174000.00,United States,,4304523,Consumer Non-Durables,Plastic Products
NXGN,NextGen Healthcare Inc. Common Stock,$15.29,0.61,4.155%,1029508482.00,United States,,724709,Health Care,Managed Health Care
NXTC,NextCure Inc. Common Stock,$7.00,-0.38,-5.149%,193280885.00,United States,2019,449668,Health Care,Biotechnology: Pharmaceutical Preparations
NYMT,New York Mortgage Trust Inc. Common Stock,$4.37,0.06,1.392%,1657971344.00,United States,,6946783,Consumer Services,Real Estate Investment Trusts
OCGN,Ocugen Inc. Common Stock,$7.93,0.39,5.172%,1576133740.00,United States,2014,14925036,Health Care,Biotechnology: Pharmaceutical Preparations
ODFL,Old Dominion Freight Line Inc. Common Stock,$289.65,-1.85,-0.635%,75474837370.00,United States,1991,989106,Transportation,Trucking Freight/Courier Services
OFS,OFS Capital Corporation Common Stock,$10.48,-0.02,-0.19%,140591663.00,United States,,52087,Finance,Finance/Investors Services
OGI,Organigram Holdings Inc. Common Shares,$2.40,0.00,0.00%,717078535.00,Canada,,6412754,,
OLLI,Ollie's Bargain Outlet Holdings Inc. Common Stock,$67.98,-0.86,-1.249%,4423530319.00,United States,2015,1624443,Consumer Services,Department/Specialty Retail Stores
OMAB,Grupo Aeroportuario del Centro Norte S.A.B. de C.V. ADS,$47.80,-0.78,-1.606%,2628268373.00,Mexico,2006,67119,Transportation,Aerospace
OMQS,OMNIQ Corp. Common Stock,$8.99,-0.35,-3.747%,66711338.00,United States,,12025,Technology,EDP Services
ONB,Old National Bancorp Common Stock,$15.96,0.02,0.125%,2644894057.00,United States,,5261194,Finance,Major Banks
ONTX,Onconova Therapeutics Inc. Common Stock,$5.11,0.24,4.928%,80640583.00,United States,2013,258265,Health Care,Biotechnology: Pharmaceutical Preparations
ORGN,Origin Materials Inc. Common Stock,$7.41,0.26,3.636%,1046651163.00,United States,2020,7445860,Basic Industries,Industrial Specialties
ORRF,Orrstown Financial Services Inc Common Stock,$22.51,-0.56,-2.427%,253325762.00,United States,,79252,Finance,Major Banks
OSUR,OraSure Technologies Inc. Common Stock,$13.38,1.91,16.652%,963479631.00,United States,,5268399,Health Care,Medical/Dental Instruments
OTRK,Ontrak Inc. Common Stock,$11.02,0.28,2.607%,211007081.00,United States,,546639,Health Care,Medical Specialities
OVID,Ovid Therapeutics Inc. Common Stock,$3.37,-0.08,-2.319%,228930827.00,United States,2017,527906,Health Care,Biotechnology: Pharmaceutical Preparations
OZK,Bank OZK Common Stock,$40.77,-0.05,-0.122%,5284302400.00,United States,,2264946,Finance,Major Banks
PACB,Pacific Biosciences of California Inc. Common Stock,$29.44,1.85,6.705%,5858516959.00,United States,2010,3218442,Capital Goods,Biotechnology: Laboratory Analytical Instruments
PAE,PAE Incorporated Class A Common Stock,$5.90,0.04,0.683%,543039859.00,United States,2018,1032302,Miscellaneous,Business Services
PAX,Patria Investments Limited Class A Common Shares,$17.56,0.37,2.152%,2390750100.00,Cayman Islands,2021,285589,Finance,Investment Managers
PAYX,Paychex Inc. Common Stock,$108.78,-0.59,-0.539%,39228289288.00,United States,1983,3614281,Miscellaneous,Business Services
PCAR,PACCAR Inc. Common Stock,$81.55,-0.89,-1.08%,28311990118.00,United States,,4614684,Capital Goods,Auto Manufacturing
PCH,PotlatchDeltic Corporation Common Stock,$53.02,0.94,1.805%,3554742654.00,United States,,1206851,Consumer Services,Real Estate Investment Trusts
PDCO,Patterson Companies Inc. Common Stock,$30.98,-0.43,-1.369%,3015035560.00,United States,1992,1821692,Health Care,Medical Specialities
PEBO,Peoples Bancorp Inc. Common Stock,$30.49,-0.22,-0.716%,599528651.00,United States,,784960,Finance,Major Banks
PENN,Penn National Gaming Inc. Common Stock,$74.59,-1.48,-1.946%,11694913514.00,United States,1994,6554949,Consumer Services,Movies/Entertainment
PEP,PepsiCo Inc. Common Stock,$154.13,-1.43,-0.919%,213025378168.00,United States,,8127375,Consumer Non-Durables,Beverages (Production/Distribution)
PFBC,Preferred Bank Common Stock,$62.73,1.14,1.851%,938576548.00,United States,,192186,Finance,Major Banks
PFC,Premier Financial Corp. Common Stock,$30.50,1.14,3.883%,1133963587.00,United States,,563062,Finance,Savings Institutions
PFG,Principal Financial Group Inc Common Stock,$65.16,-0.58,-0.882%,17488560338.00,United States,2001,2344242,Finance,Specialty Insurers
PFHD,Professional Holding Corp. Class A Common stock,$19.25,0.87,4.733%,258315943.00,United States,2020,54850,Finance,Major Banks
PFIE,Profire Energy Inc. Common Stock,$1.03,0.00,0.00%,49686178.00,United States,,65072,Energy,Oil & Gas Production
PFLT,PennantPark Floating Rate Capital Ltd. Common Stock,$12.77,0.07,0.551%,495119385.00,United States,,248885,Finance,Finance/Investors Services
PFSW,PFSweb Inc. Common Stock,$13.07,-0.09,-0.684%,275778555.00,United States,1999,40955,Miscellaneous,Business Services
PINC,Premier Inc. Class A Common Stock,$38.98,-0.42,-1.066%,4785973093.00,United States,2013,4047652,Health Care,Managed Health Care
PKOH,Park-Ohio Holdings Corp. Common Stock,$22.84,-1.14,-4.754%,289929178.00,United States,,177009,Capital Goods,Construction/Ag Equipment/Trucks
PLAY,Dave & Buster's Entertainment Inc. Common Stock,$36.42,-0.06,-0.164%,1757497178.00,United States,2014,3568521,Consumer Services,Restaurants
PLUG,Plug Power Inc. Common Stock,$26.47,1.50,6.007%,15203188709.00,United States,1999,23822708,Consumer Durables,Electrical Products
PLXP,PLx Pharma Inc. Common Stock,$17.39,-0.21,-1.193%,467621517.00,United States,2014,504812,Health Care,Biotechnology: Pharmaceutical Preparations
PLXS,Plexus Corp. Common Stock,$89.04,-2.37,-2.593%,2515408582.00,United States,,502579,Technology,Electrical Products
PMBC,Pacific Mercantile Bancorp Common Stock,$9.01,0.15,1.693%,215255928.00,United States,2000,133583,Finance,Major Banks
PNNT,PennantPark Investment Corporation Common Stock,$6.38,-0.05,-0.778%,427747770.00,United States,2007,380163,Finance,Finance/Investors Services
PNTG,The Pennant Group Inc. Common Stock ,$31.41,1.20,3.972%,890847562.00,United States,,341530,Health Care,Hospital/Nursing Management
PODD,Insulet Corporation Common Stock,$292.45,4.55,1.58%,20142162989.00,United States,2007,393216,Health Care,Medical/Dental Instruments
PPD,PPD Inc. Common Stock,$46.75,0.05,0.107%,16423991397.00,United States,2020,2165918,Health Care,Biotechnology: Pharmaceutical Preparations
PRAA,PRA Group Inc. Common Stock,$40.76,0.31,0.766%,1868298675.00,United States,2002,701648,Technology,Advertising
PTCT,PTC Therapeutics Inc. Common Stock,$42.63,2.04,5.026%,3009887953.00,United States,2013,1049163,Health Care,Biotechnology: Pharmaceutical Preparations
PTEN,Patterson-UTI Energy Inc. Common Stock,$7.88,-0.15,-1.868%,1489627084.00,United States,1993,3277269,Energy,Oil & Gas Production
PTVE,Pactiv Evergreen Inc. Common stock,$10.94,0.15,1.39%,1938105347.00,United States,2020,381620,Consumer Durables,Containers/Packaging
PXLW,Pixelworks Inc.  Common Stock,$5.41,-0.16,-2.873%,283669114.00,United States,2000,1450742,Technology,Semiconductors
QDEL,Quidel Corporation Common Stock,$153.48,9.04,6.259%,6389795851.00,United States,,1323577,Health Care,Biotechnology: In Vitro & In Vivo Diagnostic Substances
QRTEA,Qurate Retail Inc. Series A Common Stock ,$10.37,-0.03,-0.288%,4223278817.00,United States,,5507846,Consumer Services,Catalog/Specialty Distribution
QTT,Qutoutiao Inc. American Depositary Shares,$1.10,0.00,0.00%,316240927.00,China,2018,755183,Technology,Computer Software: Prepackaged Software
QUMU,Qumu Corporation Common Stock,$2.62,0.06,2.344%,46218744.00,United States,,135224,Technology,Retail: Computer Software & Peripheral Equipment
RBB,RBB Bancorp Common Stock,$24.10,-0.39,-1.592%,466422652.00,United States,2017,85103,Finance,Commercial Banks
RCMT,RCM Technologies Inc. Common Stock,$7.11,-0.77,-9.772%,78596997.00,United States,,408242,Consumer Services,Military/Government/Technical
RDFN,Redfin Corporation Common Stock,$51.19,2.73,5.634%,5370466985.00,United States,2017,3968531,Finance,Real Estate
REAL,The RealReal Inc. Common Stock,$13.84,-0.51,-3.554%,1267294823.00,United States,2019,4603793,Consumer Services,Catalog/Specialty Distribution
REG,Regency Centers Corporation Common Stock,$68.31,-0.95,-1.372%,11604074291.00,United States,1993,2377973,Consumer Services,Real Estate Investment Trusts
RGLD,Royal Gold Inc. Common Stock,$104.59,-0.81,-0.769%,6861847844.00,United States,,837237,,
RKLB,Rocket Lab USA Inc. Common Stock,$15.41,-0.48,-3.021%,0.00,United States,2020,3870478,Capital Goods,Aerospace
RMR,The RMR Group Inc. Class A Common Stock,$33.69,-0.22,-0.649%,552783263.00,United States,,180688,Finance,Real Estate
ROIC,Retail Opportunity Investments Corp. Common Stock (MD),$17.29,-0.32,-1.817%,2099116068.00,United States,,1943902,Consumer Services,Real Estate Investment Trusts
ROLL,RBC Bearings Incorporated Common Stock,$214.60,2.36,1.112%,5455294238.00,United States,2005,236338,Capital Goods,Metal Fabrications
ROOT,Root Inc. Class A Common Stock,$6.10,0.13,2.178%,1547542269.00,United States,2020,15375566,Finance,Property-Casualty Insurers
RRGB,Red Robin Gourmet Burgers Inc. Common Stock,$22.72,0.35,1.565%,356939970.00,United States,2002,379575,Consumer Services,Restaurants
RTLR,Rattler Midstream LP Common Units,$11.79,-0.31,-2.562%,1751894445.00,United States,2019,222129,Energy,Oilfield Services/Equipment
RUBY,Rubius Therapeutics Inc. Common Stock,$20.89,0.59,2.906%,1875376395.00,United States,2018,879135,Health Care,Biotechnology: Biological Products (No Diagnostic Substances)
RUTH,Ruth's Hospitality Group Inc. Common Stock,$20.23,-0.08,-0.394%,704250381.00,United States,2005,630223,Consumer Services,Restaurants
RVSB,Riverview Bancorp Inc Common Stock,$7.51,0.12,1.624%,166026026.00,United States,,41817,Finance,Major Banks
RYTM,Rhythm Pharmaceuticals Inc. Common Stock,$13.29,0.49,3.828%,667523329.00,United States,2017,549609,Health Care,Biotechnology: Pharmaceutical Preparations
SAGE,Sage Therapeutics Inc. Common Stock,$46.40,1.10,2.428%,2728837406.00,United States,2014,1223703,Health Care,Biotechnology: Pharmaceutical Preparations
SAIA,Saia Inc. Common Stock,$244.81,-2.33,-0.943%,6447094852.00,United States,,381713,Transportation,Trucking Freight/Courier Services
SANM,Sanmina Corporation Common Stock,$38.46,-1.34,-3.367%,2503550777.00,United States,1993,1218600,Technology,Electrical Products
SATS,EchoStar  Corporation Common Stock,$26.12,1.44,5.835%,2322732623.00,United States,,1906713,Technology,Radio And Television Broadcasting And Communications Equipment
SBBP,Strongbridge Biopharma plc Ordinary Shares,$2.12,0.03,1.435%,143797378.00,United States,2015,233462,Health Care,Biotechnology: Pharmaceutical Preparations
SBCF,Seacoast Banking Corporation of Florida Common Stock,$31.61,1.27,4.186%,1837268441.00,United States,,926559,Finance,Major Banks
SBGI,Sinclair Broadcast Group Inc. Class A Common Stock,$29.29,0.55,1.914%,2211096769.00,United States,1995,897602,Consumer Services,Broadcasting
SBRA,Sabra Health Care REIT Inc. Common Stock,$15.79,-0.08,-0.504%,3486812602.00,United States,,2828675,Consumer Services,Real Estate Investment Trusts
SBT,Sterling Bancorp Inc. Common Stock,$5.21,-0.20,-3.697%,262975693.00,United States,2017,436643,Finance,Savings Institutions
SCHN,Schnitzer Steel Industries Inc. Class A Common Stock,$40.99,-1.32,-3.12%,1128191954.00,United States,1993,684598,Basic Industries,Steel/Iron Ore
SCOR,comScore Inc. Common Stock,$3.86,0.04,1.047%,317255569.00,United States,2018,502935,Miscellaneous,Business Services
SCPL,SciPlay Corporation Class A Common Stock,$19.50,-0.43,-2.158%,476659970.00,United States,2019,1030020,Technology,Computer Software: Prepackaged Software
SEER,Seer Inc. Class A Common Stock,$37.23,1.10,3.045%,2287950328.00,United States,2020,5215770,Consumer Durables,Specialty Chemicals
SEIC,SEI Investments Company Common Stock,$59.63,0.16,0.269%,8412399328.00,United States,1981,3727214,Finance,Investment Bankers/Brokers/Service
SESN,Sesen Bio Inc. Common Stock,$0.9084,-0.0204,-2.196%,178048780.00,United States,2014,21470164,Health Care,Biotechnology: Pharmaceutical Preparations
SFIX,Stitch Fix Inc. Class A Common Stock,$35.51,1.30,3.80%,3804137474.00,United States,2017,3706656,Consumer Services,Catalog/Specialty Distribution
SFM,Sprouts Farmers Market Inc. Common Stock,$22.75,-0.06,-0.263%,2597849709.00,United States,2013,4388113,Consumer Non-Durables,Specialty Foods
SGEN,Seagen Inc. Common Stock,$156.21,2.64,1.719%,28419988245.00,United States,2001,1375861,Health Care,Biotechnology: Biological Products (No Diagnostic Substances)
SHBI,Shore Bancshares Inc Common Stock,$17.58,0.14,0.803%,206617564.00,United States,,38774,Finance,Major Banks
SHEN,Shenandoah Telecommunications Co Common Stock,$30.36,0.81,2.741%,1516941984.00,United States,,815634,Public Utilities,Telecommunications Equipment
SHOO,Steven Madden Ltd. Common Stock,$39.68,1.05,2.718%,3251626922.00,United States,1993,2195500,Consumer Non-Durables,Shoe Manufacturing
SIC,Select Interior Concepts Inc. Class A Common Stock,$14.47,0.04,0.277%,367075409.00,United States,,303593,Capital Goods,Homebuilding
SILC,Silicom Ltd Ordinary Shares,$43.90,1.10,2.57%,302103513.00,Israel,,19253,Technology,Computer Manufacturing
SILK,Silk Road Medical Inc. Common Stock,$58.23,-0.56,-0.953%,2019637383.00,United States,2019,517824,Health Care,Medical/Dental Instruments
SIVB,SVB Financial Group Common Stock,$610.41,1.96,0.322%,35808789477.00,United States,,680965,Finance,Major Banks
SLAB,Silicon Laboratories Inc. Common Stock,$144.17,-2.50,-1.705%,6453638423.00,United States,2000,648053,Technology,Semiconductors
SLDB,Solid Biosciences Inc. Common Stock,$2.80,0.13,4.869%,308831578.00,United States,2018,570097,Health Care,Biotechnology: Biological Products (No Diagnostic Substances)
SLP,Simulations Plus Inc. Common Stock,$43.70,-0.41,-0.929%,879807992.00,United States,,192116,Technology,Computer Software: Prepackaged Software
SMMF,Summit Financial Group Inc. Common Stock,$23.97,-0.12,-0.498%,310748446.00,United States,,51432,Finance,Major Banks
SMPL,The Simply Good Foods Company Common Stock,$34.61,-0.37,-1.058%,3314946181.00,United States,,1135453,Consumer Non-Durables,Packaged Foods
SNBR,Sleep Number Corporation Common Stock,$95.18,1.21,1.288%,2248341960.00,United States,,935043,Consumer Durables,Home Furnishings
SNSE,Sensei Biotherapeutics Inc. Common Stock,$9.72,-1.36,-12.274%,297320171.00,United States,2021,1514138,Health Care,Biotechnology: Pharmaceutical Preparations
SNY,Sanofi ADR,$48.38,0.19,0.394%,121454448584.00,France,,7606464,Health Care,Biotechnology: Pharmaceutical Preparations
SOHO,Sotherly Hotels Inc. Common Stock,$2.76,0.05,1.845%,46141564.00,United States,,143471,Consumer Services,Real Estate Investment Trusts
SOHU,Sohu.com Limited American Depositary Shares,$21.20,-0.04,-0.188%,833294048.00,China,,466354,Technology,EDP Services
SOTK,Sono-Tek Corporation Common Stock,$3.54,-0.15,-4.065%,54893714.00,United States,,9519,Capital Goods,Industrial Machinery/Components
SPNS,Sapiens International Corporation N.V. Common Shares (Cayman Islands),$28.88,0.69,2.448%,1450619729.00,Curacao,1992,243803,Technology,Computer Software: Prepackaged Software
SQFT,Presidio Property Trust Inc. Class A Common Stock,$3.50,-0.22,-5.914%,36779271.00,United States,2020,299289,Consumer Services,Real Estate Investment Trusts
SRCE,1st Source Corporation Common Stock,$45.26,0.23,0.511%,1131780476.00,United States,,294309,Finance,Major Banks
SRCL,Stericycle Inc. Common Stock,$67.81,-0.73,-1.065%,6228634997.00,United States,1996,824444,Public Utilities,Environmental Services
SSB,SouthState Corporation Common Stock,$64.72,-0.18,-0.277%,4533470835.00,United States,,1428584,Finance,Major Banks
SSNC,SS&C Technologies Holdings Inc. Common Stock,$70.35,-0.72,-1.013%,17957326714.00,United States,2010,2058747,Technology,EDP Services
SSYS,Stratasys Ltd. Ordinary Shares (Israel),$23.65,0.54,2.337%,1546615400.00,United States,1994,1229971,Technology,Computer peripheral equipment
STBA,S&T Bancorp Inc. Common Stock,$28.26,0.69,2.503%,1111875231.00,United States,,527982,Finance,Major Banks
STEP,StepStone Group Inc. Class A Common Stock,$44.93,-0.99,-2.156%,1812293694.00,United States,2020,1231581,Finance,Finance/Investors Services
STFC,State Auto Financial Corporation Common Stock,$51.07,-0.13,-0.254%,2258698068.00,United States,1991,191272,Finance,Property-Casualty Insurers
STNE,StoneCo Ltd. Class A Common Shares,$41.74,0.84,2.054%,12894574037.00,Brazil,2018,3881883,Technology,EDP Services
STRA,Strategic Education Inc. Common Stock,$70.89,-0.44,-0.617%,1744788915.00,United States,1996,873821,Miscellaneous,Service to the Health Industry
SUMO,Sumo Logic Inc. Common Stock,$18.54,-0.10,-0.536%,2046247489.00,United States,2020,6281279,Technology,Retail: Computer Software & Peripheral Equipment
SVC,Service Properties Trust Common Stock,$10.86,0.03,0.277%,1790355208.00,United States,,3018652,Consumer Services,Real Estate Investment Trusts
SWBI,Smith & Wesson Brands Inc. Common Stock,$21.19,0.38,1.826%,1018262713.00,United States,,2099186,Consumer Non-Durables,Ordnance And Accessories
SWIR,Sierra Wireless Inc. Common Stock,$15.62,0.28,1.825%,580940336.00,Canada,,190590,Basic Industries,Metal Fabrications
SYBT,Stock Yards Bancorp Inc. Common Stock,$52.28,-2.29,-4.196%,1390000774.00,United States,,663444,Finance,Major Banks
TBK,Triumph Bancorp Inc. Common Stock,$84.19,1.67,2.024%,2114290579.00,United States,2014,510711,Finance,Major Banks
TBPH,Theravance Biopharma Inc. Ordinary Shares,$7.11,0.25,3.644%,522372774.00,Cayman Islands,,2797566,Health Care,Biotechnology: Pharmaceutical Preparations
TCBI,Texas Capital Bancshares Inc. Common Stock,$56.46,-0.06,-0.106%,2856751619.00,United States,2003,1267966,Finance,Major Banks
TCBK,TriCo Bancshares Common Stock,$40.55,0.08,0.198%,1204818924.00,United States,,342099,Finance,Major Banks
TELL,Tellurian Inc. Common Stock,$3.37,0.02,0.597%,1586325406.00,United States,,43166681,Energy,Oil & Gas Production
TIG,Trean Insurance Group Inc. Common Stock,$10.00,-0.04,-0.398%,511738440.00,United States,2020,436150,,
TILE,Interface Inc. Common Stock,$14.46,-0.02,-0.138%,853934389.00,United States,,856596,,
TLC,Taiwan Liposome Company Ltd. American Depository Shares,$7.25,0.2094,2.974%,305061636.00,Taiwan,2018,22269,Health Care,Biotechnology: Pharmaceutical Preparations
TLIS,Talis Biomedical Corporation Common Stock,$7.20,-0.40,-5.263%,384073560.00,United States,2021,507411,Health Care,Biotechnology: Electromedical & Electrotherapeutic Apparatus
TLRY,Tilray Inc. Class 2 Common Stock ,$12.17,0.16,1.332%,5429728755.00,Canada,2018,13619405,Health Care,Biotechnology: Pharmaceutical Preparations
TMDX,TransMedics Group Inc. Common Stock,$31.70,-0.53,-1.644%,877362422.00,United States,2019,368443,Health Care,Biotechnology: Electromedical & Electrotherapeutic Apparatus
TNDM,Tandem Diabetes Care Inc. Common Stock,$122.43,-0.67,-0.544%,7716684667.00,United States,2013,8746120,Health Care,Medical/Dental Instruments
TOWN,TowneBank Common Stock,$28.86,-0.07,-0.242%,2096842434.00,United States,,637087,Finance,Major Banks
TRHC,Tabula Rasa HealthCare Inc. Common Stock,$30.75,1.92,6.66%,769455098.00,United States,2016,1135710,Health Care,Medical/Nursing Services
TRIP,TripAdvisor Inc. Common Stock,$35.79,0.06,0.168%,4917770081.00,United States,,2526809,,
TRIT,Triterras Inc. Class A Ordinary Shares,$5.19,0.03,0.581%,431786560.00,Singapore,,143757,Technology,EDP Services
TRMB,Trimble Inc. Common Stock,$90.59,-1.36,-1.479%,22794245745.00,United States,1990,2800228,Capital Goods,Industrial Machinery/Components
TRS,TriMas Corporation Common Stock,$29.91,0.11,0.369%,1283653721.00,United States,2007,412076,Technology,Industrial Machinery/Components
TRUE,TrueCar Inc. Common Stock,$4.20,0.08,1.942%,402002005.00,United States,2014,1928895,,
TRUP,Trupanion Inc. Common Stock,$82.73,1.08,1.323%,3328638572.00,United States,,557267,Health Care,Medical Specialities
TSC,TriState Capital Holdings Inc. Common Stock,$19.36,0.22,1.149%,641914273.00,United States,2013,348817,Finance,Major Banks
TSLA,Tesla Inc. Common Stock,$759.49,2.50,0.33%,760832271740.00,United States,2010,28185539,Capital Goods,Auto Manufacturing
TTCF,Tattooed Chef Inc Class A Common Stock,$20.20,0.88,4.555%,518138302.00,United States,2018,3093021,Consumer Non-Durables,Farming/Seeds/Milling
TUEM,Tuesday Morning Corp. Common Stock,$2.25,0.03,1.351%,193353253.00,United States,,7739236,Miscellaneous,Diversified Commercial Services
TVTY,Tivity Health Inc. Common Stock,$22.82,0.15,0.662%,1132837446.00,United States,,1420792,Health Care,Medical Specialities
TW,Tradeweb Markets Inc. Class A Common Stock,$84.21,-0.60,-0.707%,19601995297.00,United States,2019,1042914,Finance,Investment Bankers/Brokers/Service
TWIN,Twin Disc Incorporated Common Stock,$10.42,-0.52,-4.753%,142284735.00,United States,,47048,Capital Goods,Industrial Machinery/Components
TWST,Twist Bioscience Corporation Common Stock,$121.74,7.87,6.911%,6000812463.00,United States,2018,1017071,Health Care,Managed Health Care
TXRH,Texas Roadhouse Inc. Common Stock,$91.36,-0.26,-0.284%,6379704339.00,United States,2004,1290597,Consumer Services,Restaurants
UAL,United Airlines Holdings Inc. Common Stock,$44.54,0.07,0.157%,14413716829.00,United States,,11733315,Transportation,Air Freight/Delivery Services
UBSI,United Bankshares Inc. Common Stock,$33.05,0.24,0.731%,4270178749.00,United States,,2861657,Finance,Major Banks
UFCS,United Fire Group Inc. Common Stock,$23.01,0.18,0.788%,577949993.00,United States,,250751,Finance,Property-Casualty Insurers
UMBF,UMB Financial Corporation Common Stock,$90.26,0.63,0.703%,4363848419.00,United States,,1061079,Finance,Commercial Banks
UNIT,Uniti Group Inc. Common Stock,$12.81,0.04,0.313%,2989948371.00,United States,,3799100,Consumer Services,Real Estate Investment Trusts
URBN,Urban Outfitters Inc. Common Stock,$32.52,-0.28,-0.854%,3198792792.00,United States,1993,2549308,Consumer Services,Clothing/Shoe/Accessory Stores
USAK,USA Truck Inc. Common Stock,$14.71,0.50,3.519%,130834579.00,United States,1992,103656,Transportation,Trucking Freight/Courier Services
UVSP,Univest Financial Corporation Common Stock,$26.51,0.23,0.875%,779731499.00,United States,,380440,Finance,Major Banks
VC,Visteon Corporation Common Stock,$95.46,-1.25,-1.293%,2671383569.00,United States,,650866,Capital Goods,Auto Parts:O.E.M.
VCTR,Victory Capital Holdings Inc. Class A Common Stock,$35.09,0.55,1.592%,2387625115.00,United States,2018,171390,Finance,Investment Managers
VCYT,Veracyte Inc. Common Stock,$51.20,4.39,9.378%,3627718963.00,United States,2013,1261855,Health Care,Biotechnology: Pharmaceutical Preparations
VG,Vonage Holdings Corp. Common Stock,$16.46,0.27,1.668%,4145526403.00,United States,2006,5390075,Public Utilities,Telecommunications Equipment
VIAC,ViacomCBS Inc. Class B Common Stock,$39.99,-0.44,-1.088%,25854375150.00,United States,,9880931,Consumer Services,Movies/Entertainment
VIAV,Viavi Solutions Inc. Common Stock,$15.87,-0.29,-1.795%,3625861892.00,United States,,3552609,Technology,Radio And Television Broadcasting And Communications Equipment
VICR,Vicor Corporation Common Stock,$130.52,1.37,1.061%,5690384334.00,United States,,338310,Capital Goods,Industrial Machinery/Components
VIEW,View Inc. Class A Common Stock,$5.42,-0.09,-1.633%,1176555779.00,United States,2020,1837684,,
VLDR,Velodyne Lidar Inc. Common Stock,$6.41,-0.08,-1.233%,1253532613.00,United States,,5558967,Capital Goods,Industrial Machinery/Components
VLY,Valley National Bancorp Common Stock,$12.11,0.23,1.936%,4924030909.00,United States,,9533024,Finance,Major Banks
VRA,Vera Bradley Inc. Common Stock,$9.88,-0.26,-2.564%,336130740.00,United States,2010,1007940,Consumer Non-Durables,Apparel
VREX,Varex Imaging Corporation Common Stock,$28.92,-0.58,-1.966%,1139448000.00,United States,,1789697,Health Care,Medical Electronics
VSTA,Vasta Platform Limited Class A Ordinary Shares,$4.90,-0.05,-1.01%,408408713.00,Brazil,2020,105844,Consumer Services,Other Consumer Services
VTRS,Viatris Inc. Common Stock,$13.57,-0.12,-0.877%,16410071542.00,United States,,22839441,Consumer Durables,Specialty Chemicals
VTSI,VirTra Inc. Common Stock,$8.96,-0.18,-1.969%,96809485.00,United States,,75432,Capital Goods,Military/Government/Technical
VUZI,Vuzix Corporation Common Stock,$11.73,-0.10,-0.845%,745834725.00,United States,,1955427,Capital Goods,Industrial Machinery/Components
VYGR,Voyager Therapeutics Inc. Common Stock,$3.11,0.08,2.64%,117979868.00,United States,2015,271974,Health Care,Biotechnology: Pharmaceutical Preparations
WABC,Westamerica Bancorporation Common Stock,$55.15,0.52,0.952%,1481647932.00,United States,,397275,Finance,Major Banks
WASH,Washington Trust Bancorp Inc. Common Stock,$51.27,1.55,3.117%,888019420.00,United States,,178362,Finance,Major Banks
WBA,Walgreens Boots Alliance Inc. Common Stock,$49.62,-0.32,-0.641%,42920670124.00,United States,,7436371,Health Care,Medical/Nursing Services
WERN,Werner Enterprises Inc. Common Stock,$46.03,-0.40,-0.862%,3126904114.00,United States,1986,1234316,Transportation,Trucking Freight/Courier Services
WETF,WisdomTree Investments Inc. Common Stock,$5.95,0.17,2.941%,863376957.00,United States,,4229062,Finance,Investment Managers
WHF,WhiteHorse Finance Inc. Common Stock,$15.52,-0.095,-0.608%,323467483.00,United States,,94463,Finance,Finance Companies
WIRE,Encore Wire Corporation Common Stock,$84.60,-0.25,-0.295%,1746938817.00,United States,1992,290190,Basic Industries,Metal Fabrications
WISH,ContextLogic Inc. Class A Common Stock,$6.54,0.23,3.645%,4107120000.00,United States,2020,52025646,Capital Goods,Recreational Products/Toys
WKHS,Workhorse Group Inc. Common Stock,$8.56,0.29,3.507%,1060998783.00,United States,,5822476,Capital Goods,Auto Manufacturing
WLTW,Willis Towers Watson Public Limited Company Ordinary Shares,$230.28,-3.77,-1.611%,29715732348.00,United Kingdom,,3367062,Finance,Specialty Insurers
WOOF,Petco Health and Wellness Company Inc. Class A Common Stock,$22.48,-0.22,-0.969%,6790612392.00,United States,2021,2816250,Miscellaneous,Diversified Commercial Services
WPRT,Westport Fuel Systems Inc Common Shares,$3.36,-0.01,-0.297%,567415333.00,Canada,,1442942,Capital Goods,Multi-Sector Companies
WSBC,WesBanco Inc. Common Stock,$31.25,0.00,0.00%,2043864844.00,United States,,1385079,Finance,Major Banks
WSFS,WSFS Financial Corporation Common Stock,$44.46,0.71,1.623%,2113415659.00,United States,,775836,Finance,Major Banks
WTRH,Waitr Holdings Inc. Common Stock,$1.00,0.0212,2.166%,119857553.00,United States,2016,3988330,Technology,Computer Software: Prepackaged Software
WVE,Wave Life Sciences Ltd. Ordinary Shares,$5.68,0.18,3.273%,288375753.00,Singapore,2015,832414,Health Care,Biotechnology: Pharmaceutical Preparations
WW,WW International Inc. Common Stock,$21.23,0.23,1.095%,1483401306.00,United States,,11283049,Miscellaneous,Other Consumer Services
WWD,Woodward Inc. Common Stock,$116.37,-1.56,-1.323%,7401520443.00,United States,,1410314,Capital Goods,Military/Government/Technical
WYNN,Wynn Resorts Limited Common stock,$83.29,-1.08,-1.28%,9634290313.00,United States,2002,8718298,Consumer Services,Hotels/Resorts
XEL,Xcel Energy Inc. Common Stock,$64.00,-1.00,-1.538%,34459945664.00,United States,,6977411,Public Utilities,Power Generation
XLNX,Xilinx Inc. Common Stock,$153.78,-3.47,-2.207%,38055655183.00,United States,1990,3358204,Technology,Semiconductors
XOG,Extraction Oil & Gas Inc. Common Stock,$51.34,-0.15,-0.291%,1326659638.00,United States,,1022421,Energy,Oil & Gas Production
XOMA,XOMA Corporation Common Stock,$25.66,1.36,5.597%,290246187.00,United States,1986,53833,Health Care,Biotechnology: Pharmaceutical Preparations
XP,XP Inc. Class A Common Stock,$45.08,-1.08,-2.34%,25202378142.00,Brazil,2019,1447835,Finance,Investment Bankers/Brokers/Service
YELL,Yellow Corporation Common Stock,$5.75,0.17,3.047%,294820958.00,United States,,1772179,Transportation,Trucking Freight/Courier Services
YORW,York Water Company (The) Common Stock,$44.47,-0.49,-1.09%,582264699.00,United States,,585279,Public Utilities,Water Supply
ZBRA,Zebra Technologies Corporation Class A Common Stock,$569.15,-15.61,-2.669%,30394298668.00,United States,1991,393512,Technology,Computer peripheral equipment
ZEAL,Zealand Pharma A/S American Depositary Shares,$31.9514,0.00,0.00%,1385517728.00,Denmark,2017,41,Health Care,Biotechnology: Pharmaceutical Preparations
ZENV,Zenvia Inc. Class A Common Stock,$16.10,-1.10,-6.395%,632611263.00,Brazil,2021,195086,,
ZION,Zions Bancorporation N.A. Common Stock,$57.09,-0.61,-1.057%,9252602733.00,United States,,2383835,Finance,Major Banks
ZIOP,ZIOPHARM Oncology Inc Common Stock,$1.82,0.13,7.692%,392317649.00,United States,,5332135,Health Care,Biotechnology: Pharmaceutical Preparations
ZM,Zoom Video Communications Inc. Class A Common Stock,$287.68,9.46,3.40%,85477754847.00,United States,2019,5418850,Technology,Computer Software: Prepackaged Software
